heart_rate,systolic_bp,diastolic_bp,oxygen_saturation,body_temp,blood_glucose
77.69732481264793,123.45018780296309,78.66341488416096,97.47154900209961,98.55155224075094,97.67638123143695
78.85693688709013,125.05978826489859,77.68072785247027,98.77493610710847,98.58563948095995,90.68233291153763
77.85327076273416,114.3840398100232,78.74224049907932,98.04668173416196,99.02167326585491,92.48256435312813
68.6941091787705,126.9609016974531,81.881942809446,98.24023062577045,98.80251138859504,103.97616834053193
69.24669442278636,116.08317600297372,76.76878837926702,98.22459947670826,98.53468864590867,108.37853794767805
74.33495517400758,117.4872913037441,76.94197426897708,98.35716258570127,99.0763543731466,105.76917180403689
69.90409922329081,110.49277554965684,89.25390571217866,99.06343572186746,99.30969584721606,98.10164871936537
65.09403853546618,115.32967640655747,77.54227793096548,99.15316969845485,98.61579870448087,87.69523941822749
76.18172642706442,128.59091675456884,81.85433896235513,98.31815932740989,98.73734813991818,105.35637588465164
63.968365201660504,123.91106685861139,74.4792727166804,99.52060090176322,97.97564891740767,89.77221759012248
60.55315465273566,119.09785834917872,81.65431765533457,100.0,98.64840369727952,98.58656794525295
32.628830006514356,89.34937146111555,105.10649147587289,88.4813927918664,92.69065082799841,40.9058064920301
54.96552804308744,128.02541011113127,87.67560869906326,96.76754560916977,97.98161808883077,106.93386703799018
80.51761802708182,109.53120924451257,63.394427222054304,98.33542132048036,97.8196930690514,113.22818269150422
73.92955926803543,124.49325886001047,80.7310739818878,98.59515732388473,98.84744341904411,100.90424927965422
75.81103081009182,117.34994179750792,72.4622352768329,97.37296349085015,98.06226381114203,105.33519993142397
70.32113794573796,113.0849386290216,87.79591145241176,97.74711993422163,98.12759799662761,108.74991185367978
71.35641140513435,122.74937854135787,75.62611887872816,97.84064142524353,98.86957775614012,91.82774836027849
76.50832274023074,125.71785908001686,76.93394053762002,99.38784597034598,98.21316565088017,117.01325106456653
78.8133938410836,106.60157950588773,75.46336720313867,99.91928130014446,98.07174333618808,97.94570670506795
