ticket_description,category
"Hi, I'm getting high ping when connected to my desktop. Can someone check?",Network
URGENT: The the platform server is timing out.,Network
"Please help, Why is there an extra fee on my my phone bill? ASAP.",Billing
"Hello, My invoice for the latest version is incorrect. ASAP.",Billing
"Hello, Thank you for helping with my the platform issue earlier.",General
URGENT: What are your business hours for my phone support? Can someone check?,General
I need a receipt for my my workspace purchase. Please resolve.,Billing
"Hi, Can you send me more information about Windows? Can someone check?",General
"Please help, I have a very slow connection speed on the latest version network. Thanks.",Network
"Hi, My invoice for the latest version is incorrect. Please resolve.",Billing
URGENT: I have a very slow connection speed on the app network. Can someone check?,Network
My the system is crashing every time I open it. Thanks.,Technical
I want to update my security questions for my workspace. ASAP.,Account
"Hi, The Wi-Fi drops frequently when I'm using the platform. Thanks.",Network
"Hi, How do I update the my workspace drivers? ASAP.",Technical
URGENT: I need help installing the service on my computer. ASAP.,Technical
"Hello, Why is there an extra fee on my the latest version bill?",Billing
"Hello, Why is there an extra fee on my my portal bill?",Billing
"Please help, Where is your the latest version office located? Can someone check?",General
How do I update the my desktop drivers? Please resolve.,Technical
"Please help, I have a very slow connection speed on the platform network.",Network
"Please help, Can you merge my two accounts for Windows? Please resolve.",Account
URGENT: The software won't start after the latest my server update. Can someone check?,Technical
What are your business hours for this product support? Can someone check?,General
"Hello, I want to update my security questions for Mac. Thanks.",Account
There is a bug in the this product feature. Can someone check?,Technical
"Please help, I'm not receiving the verification email for the dashboard. Thanks.",Account
"Please help, Thank you for helping with my the service issue earlier.",General
Issue: I need to add a new user to my my server account.,Account
"Please help, I want to cancel my the app plan. Please resolve.",Billing
Issue: The the system server is timing out. Please resolve.,Network
URGENT: The system is running very slow when the dashboard is open. Thanks.,Technical
My account is locked out after trying to access my desktop. ASAP.,Account
Issue: My credit card was declined for my server. Can someone check?,Billing
Can I get a discount on my Windows renewal? Thanks.,Billing
URGENT: What are your business hours for the latest version support? Please resolve.,General
"Hello, The pricing for my server on my bill doesn't match the website. Thanks.",Billing
"Hi, My credit card was declined for the platform. Can someone check?",Billing
"Hello, When will the new my phone feature be released? Can someone check?",General
"Please help, The software won't start after the latest this product update. Please resolve.",Technical
Issue: The system is running very slow when my workspace is open. Please resolve.,Technical
URGENT: I'm just leaving some feedback about the latest version. ASAP.,General
Do you offer support in the system language? ASAP.,General
"Hi, I keep getting a blue screen when I use my workspace. Thanks.",Technical
"Hi, Can you merge my two accounts for this product? Thanks.",Account
"Hi, I need help installing the system on my computer. Please resolve.",Technical
URGENT: My IP address seems to be blocked by my desktop. Thanks.,Network
How do I change my email address for my Mac profile? ASAP.,Account
"Hello, I'm not receiving the verification email for the latest version. ASAP.",Account
URGENT: Thank you for helping with my Windows issue earlier.,General
I want to update my security questions for my portal. Can someone check?,Account
Issue: How do I change my email address for my the service profile? ASAP.,Account
"Hello, I haven't received a refund for this product yet.",Billing
"Hi, I'm getting high ping when connected to my portal. ASAP.",Network
"Hi, The Wi-Fi drops frequently when I'm using the system.",Network
Issue: My internet is not working even though my the service is connected.,Network
There is a bug in the my phone feature. Please resolve.,Technical
"Hi, Someone hacked my my phone account. Please resolve.",Account
The my workspace server is timing out.,Network
I was charged twice for my the dashboard subscription. Thanks.,Billing
URGENT: The system is running very slow when my workspace is open. Thanks.,Technical
Issue: I have a very slow connection speed on my portal network. ASAP.,Network
"Hi, I need a receipt for my my phone purchase.",Billing
"Hello, Can't install the latest patch for the tool. ASAP.",Technical
"Please help, I haven't received a refund for my server yet. Please resolve.",Billing
"Please help, There is a bug in the my desktop feature. Thanks.",Technical
I forgot my password and cannot login to my my desktop account. Thanks.,Account
Issue: My IP address seems to be blocked by the service. Please resolve.,Network
I can't connect to the VPN for my desktop. Thanks.,Network
"Please help, My invoice for the system is incorrect.",Billing
I was charged twice for my my server subscription.,Billing
Issue: I haven't received a refund for the app yet. Can someone check?,Billing
My internet is not working even though my this product is connected.,Network
"Hello, How do I update the my server drivers? Thanks.",Technical
"Hi, I have a question about your the tool policy. ASAP.",General
Issue: What are your business hours for the system support? Please resolve.,General
"Hi, The pricing for the app on my bill doesn't match the website. Can someone check?",Billing
"Hello, Do you offer support in the app language? ASAP.",General
"Please help, How do I configure the firewall for this product? Can someone check?",Network
"Please help, My credit card was declined for the app.",Billing
How do I contact the the platform team? ASAP.,General
"Hello, Where is your Windows office located? ASAP.",General
URGENT: Router is not responding after Mac restart.,Network
URGENT: Why is there an extra fee on my the dashboard bill? Can someone check?,Billing
URGENT: There is a bug in the my desktop feature. Thanks.,Technical
"Hi, I haven't received a refund for the latest version yet.",Billing
URGENT: Is there a manual available for the service? Please resolve.,General
"Hi, I was charged twice for my the system subscription. Thanks.",Billing
Issue: I forgot my password and cannot login to my the platform account. ASAP.,Account
"Hello, Can't install the latest patch for the app. Thanks.",Technical
I keep getting a blue screen when I use the tool.,Technical
Issue: I need help installing the latest version on my computer. Please resolve.,Technical
"Hi, I need help installing this product on my computer.",Technical
Issue: I need help installing this product on my computer. Thanks.,Technical
"Hi, Can you merge my two accounts for this product?",Account
Is there a manual available for the system? ASAP.,General
"Hi, I'm not receiving the verification email for the tool.",Account
"Hello, How do I update the my portal drivers? Thanks.",Technical
"Hi, My profile information for my desktop is not updating. ASAP.",Account
Issue: My internet is not working even though my Mac is connected. Please resolve.,Network
URGENT: The application freezes during my desktop. Thanks.,Technical
"Hello, I want to cancel my this product plan.",Billing
Issue: No internet access on my the service device. Thanks.,Network
"Please help, There is a bug in the my phone feature. Thanks.",Technical
Issue: The pricing for my desktop on my bill doesn't match the website. ASAP.,Billing
Issue: No internet access on my the system device.,Network
URGENT: I need a receipt for my the platform purchase. Thanks.,Billing
"Hi, Why is there an extra fee on my Windows bill?",Billing
"Please help, I can't connect to the VPN for my portal. ASAP.",Network
"Please help, I need to delete my the service account permanently. Please resolve.",Account
URGENT: I need to delete my the tool account permanently. ASAP.,Account
Issue: How do I update my payment method for my workspace? Can someone check?,Billing
"Hi, I have a question about your the service policy. ASAP.",General
"Hello, Can't install the latest patch for my server. Please resolve.",Technical
My invoice for the latest version is incorrect. Thanks.,Billing
Thank you for helping with my the latest version issue earlier. Can someone check?,General
"Hello, I want to update my security questions for my portal. ASAP.",Account
URGENT: I have a question about your the app policy. ASAP.,General
"Hello, Router is not responding after the latest version restart. Can someone check?",Network
"Please help, I forgot my password and cannot login to my the service account. Thanks.",Account
My internet is not working even though my my workspace is connected. Can someone check?,Network
Issue: I need to add a new user to my Mac account.,Account
"Please help, The application freezes during this product. Thanks.",Technical
URGENT: How do I configure the firewall for the system? ASAP.,Network
"Hi, I want to update my security questions for this product.",Account
Issue: Someone hacked my my server account. Please resolve.,Account
"Hello, How do I update the the tool drivers?",Technical
"Please help, How do I change my email address for my Windows profile?",Account
"Hi, No internet access on my my phone device.",Network
"Please help, Can you merge my two accounts for the platform? Please resolve.",Account
"Hi, I'm getting an error code this product when I try to run the software. Please resolve.",Technical
"Please help, What are your business hours for the app support? Can someone check?",General
"Hi, I keep getting a blue screen when I use my phone.",Technical
Issue: Can you send me more information about the platform? Can someone check?,General
URGENT: How do I change my email address for my my workspace profile?,Account
Issue: I'm not receiving the verification email for my portal. Please resolve.,Account
"Please help, The the dashboard server is timing out. Can someone check?",Network
"Please help, Why is there an extra fee on my my workspace bill?",Billing
"Hello, I need to delete my the platform account permanently. Thanks.",Account
"Hello, My credit card was declined for the app. Thanks.",Billing
"Hello, How do I contact the the app team? Please resolve.",General
"Hi, Where is your the dashboard office located? ASAP.",General
"Hi, My my portal is crashing every time I open it. Thanks.",Technical
Issue: I'm just leaving some feedback about Mac. Can someone check?,General
"Hello, Router is not responding after Mac restart. Please resolve.",Network
My profile information for my server is not updating. Thanks.,Account
"Hi, Thank you for helping with my Windows issue earlier.",General
"Hi, Why is there an extra fee on my the latest version bill? ASAP.",Billing
URGENT: The software won't start after the latest the app update.,Technical
"Please help, I need to add a new user to my the system account. Please resolve.",Account
"Hi, Someone hacked my the dashboard account. Please resolve.",Account
"Hi, My IP address seems to be blocked by the system. ASAP.",Network
"Hi, Thank you for helping with my the latest version issue earlier. Thanks.",General
URGENT: No internet access on my the dashboard device. Please resolve.,Network
URGENT: Can't install the latest patch for the latest version.,Technical
"Hi, My invoice for my portal is incorrect. Please resolve.",Billing
Issue: How do I change my email address for my my phone profile? Please resolve.,Account
"Hello, My profile information for the system is not updating. Please resolve.",Account
URGENT: I haven't received a refund for the platform yet.,Billing
URGENT: I can't connect to the VPN for the dashboard. ASAP.,Network
URGENT: The my portal server is timing out. Please resolve.,Network
How do I configure the firewall for my server? Can someone check?,Network
Issue: What are your business hours for the service support? Please resolve.,General
"Hello, No internet access on my the service device. Please resolve.",Network
"Hi, I have a question about your my desktop policy. ASAP.",General
I was charged twice for my my phone subscription.,Billing
"Hi, The pricing for the service on my bill doesn't match the website.",Billing
URGENT: The Mac server is timing out.,Network
"Please help, My internet is not working even though my Windows is connected. Thanks.",Network
"Hello, I'm not receiving the verification email for my desktop.",Account
"Hello, I haven't received a refund for the latest version yet. Please resolve.",Billing
"Hi, How do I configure the firewall for the tool? Please resolve.",Network
Issue: How do I contact the my portal team? Can someone check?,General
URGENT: Thank you for helping with my this product issue earlier. Please resolve.,General
"Hello, I was charged twice for my my desktop subscription. Please resolve.",Billing
URGENT: How do I configure the firewall for the app? ASAP.,Network
URGENT: Can I get a discount on my my portal renewal? Please resolve.,Billing
"Hi, The Wi-Fi drops frequently when I'm using Windows. Please resolve.",Network
URGENT: I was charged twice for my my workspace subscription. Thanks.,Billing
Do you offer support in the system language? ASAP.,General
"Hi, The Wi-Fi drops frequently when I'm using my phone. Thanks.",Network
"Hello, I have a very slow connection speed on my server network. Thanks.",Network
"Hello, I'm getting an error code my phone when I try to run the software. Thanks.",Technical
"Hello, How do I update the my portal drivers? Can someone check?",Technical
"Hello, My credit card was declined for my portal.",Billing
"Hi, Can't install the latest patch for the app. ASAP.",Technical
"Please help, What are your business hours for the service support? Can someone check?",General
"Please help, The the system server is timing out. Please resolve.",Network
"Please help, Someone hacked my the platform account.",Account
Issue: My internet is not working even though my the latest version is connected. Thanks.,Network
URGENT: How do I contact the my phone team? ASAP.,General
"Hi, Can you merge my two accounts for my portal?",Account
"Hi, No internet access on my the tool device. Thanks.",Network
URGENT: I have a very slow connection speed on the platform network. ASAP.,Network
"Hi, How do I contact the my portal team? Please resolve.",General
"Hi, The Wi-Fi drops frequently when I'm using my portal. Thanks.",Network
"Please help, I want to cancel my the app plan. Thanks.",Billing
The Wi-Fi drops frequently when I'm using the platform. Please resolve.,Network
My internet is not working even though my the latest version is connected.,Network
I want to cancel my my desktop plan. Can someone check?,Billing
Issue: Someone hacked my the app account. Please resolve.,Account
"Hello, I keep getting a blue screen when I use my server. ASAP.",Technical
Issue: I have a very slow connection speed on the tool network. ASAP.,Network
URGENT: How do I contact the the platform team? Thanks.,General
"Hello, The Windows server is timing out. Thanks.",Network
"Please help, My account is locked out after trying to access my phone. Please resolve.",Account
"Hello, I have a question about your this product policy. Thanks.",General
"Hi, My internet is not working even though my this product is connected. Thanks.",Network
"Hello, I want to cancel my my desktop plan. Please resolve.",Billing
"Hello, I want to cancel my the tool plan. Please resolve.",Billing
URGENT: There is a bug in the this product feature. Please resolve.,Technical
"Hi, I have a very slow connection speed on the system network. Please resolve.",Network
The Wi-Fi drops frequently when I'm using the tool. Thanks.,Network
Issue: My the latest version is crashing every time I open it.,Technical
Can't install the latest patch for the tool.,Technical
I forgot my password and cannot login to my the app account. Please resolve.,Account
URGENT: How do I contact the my desktop team?,General
URGENT: Someone hacked my the tool account.,Account
Issue: Do you offer support in my server language? Can someone check?,General
How do I change my email address for my the tool profile?,Account
"Hello, I want to cancel my the tool plan.",Billing
"Please help, How do I contact the my server team? Can someone check?",General
"Hi, I'm not receiving the verification email for my workspace. Please resolve.",Account
"Hi, Do you offer support in the latest version language?",General
Issue: I forgot my password and cannot login to my the app account. Thanks.,Account
"Please help, My profile information for my portal is not updating.",Account
My credit card was declined for the latest version. Can someone check?,Billing
"Hello, My profile information for Mac is not updating. Please resolve.",Account
"Hi, Do you offer support in Windows language? Thanks.",General
"Hello, Why is there an extra fee on my the tool bill? Thanks.",Billing
"Hello, Someone hacked my Mac account. Please resolve.",Account
No internet access on my the latest version device.,Network
"Please help, My profile information for the service is not updating. ASAP.",Account
Issue: Thank you for helping with my Windows issue earlier. Thanks.,General
"Hello, My account is locked out after trying to access my server. ASAP.",Account
"Please help, I have a question about your my phone policy. Thanks.",General
What are your business hours for the latest version support? Can someone check?,General
"Hi, Can I get a discount on my my phone renewal? Please resolve.",Billing
"Hello, Can I get a discount on my the service renewal? ASAP.",Billing
Issue: How do I update the the system drivers?,Technical
URGENT: My my phone is crashing every time I open it. ASAP.,Technical
"Please help, I'm getting high ping when connected to the dashboard. Please resolve.",Network
Issue: There is a bug in the the dashboard feature.,Technical
Router is not responding after my desktop restart. Thanks.,Network
URGENT: Someone hacked my the service account. Can someone check?,Account
URGENT: How do I update my payment method for my portal? Please resolve.,Billing
"Please help, I was charged twice for my this product subscription. Please resolve.",Billing
"Hi, I was charged twice for my this product subscription. Thanks.",Billing
URGENT: My Mac is crashing every time I open it. Please resolve.,Technical
"Hi, Can't install the latest patch for the tool.",Technical
"Hello, My credit card was declined for the app.",Billing
"Hello, When will the new the dashboard feature be released?",General
"Hello, There is a bug in the the service feature. Please resolve.",Technical
"Hello, My invoice for the service is incorrect. Please resolve.",Billing
URGENT: Can I get a discount on my the platform renewal?,Billing
URGENT: I want to cancel my the system plan. Can someone check?,Billing
"Hi, Can I get a discount on my my server renewal? Please resolve.",Billing
"Hi, Can I get a discount on my my workspace renewal? Please resolve.",Billing
"Hello, How do I configure the firewall for Mac? Can someone check?",Network
Issue: Can you send me more information about the service? Please resolve.,General
"Hello, The application freezes during my desktop. Thanks.",Technical
Issue: Can't install the latest patch for the platform. ASAP.,Technical
"Hi, The Wi-Fi drops frequently when I'm using my desktop. ASAP.",Network
URGENT: My account is locked out after trying to access Windows. Please resolve.,Account
"Hello, How do I change my email address for my my server profile?",Account
"Hi, I need help installing the dashboard on my computer. Thanks.",Technical
URGENT: Why is there an extra fee on my the tool bill? Can someone check?,Billing
I can't connect to the VPN for Mac. ASAP.,Network
How do I configure the firewall for the dashboard? Thanks.,Network
"Hello, No internet access on my my desktop device. Can someone check?",Network
"Hi, How do I contact the Windows team? Can someone check?",General
Can you merge my two accounts for the tool? Thanks.,Account
Issue: I'm just leaving some feedback about the platform. Thanks.,General
"Hello, How do I configure the firewall for the service?",Network
"Hi, I can't connect to the VPN for the dashboard. Thanks.",Network
"Please help, My invoice for the app is incorrect. Can someone check?",Billing
I'm getting high ping when connected to my desktop.,Network
"Hello, Someone hacked my Mac account. Please resolve.",Account
"Hello, My account is locked out after trying to access Windows. Can someone check?",Account
Issue: Someone hacked my the latest version account.,Account
Thank you for helping with my the latest version issue earlier. ASAP.,General
URGENT: The application freezes during the system. Thanks.,Technical
"Hi, Is there a manual available for my server?",General
My the service is crashing every time I open it. Thanks.,Technical
Issue: I keep getting a blue screen when I use my phone. Thanks.,Technical
"Hello, Can you merge my two accounts for the platform? ASAP.",Account
I was charged twice for my the app subscription. Thanks.,Billing
"Hello, I was charged twice for my the service subscription. Thanks.",Billing
URGENT: My the app is crashing every time I open it. Please resolve.,Technical
I'm just leaving some feedback about my portal.,General
"Please help, I want to update my security questions for the latest version. Please resolve.",Account
Issue: I can't connect to the VPN for my desktop. ASAP.,Network
The software won't start after the latest the latest version update. Can someone check?,Technical
"Please help, I'm not receiving the verification email for Windows. Can someone check?",Account
"Hi, I can't connect to the VPN for my server. Please resolve.",Network
Can you merge my two accounts for the app? ASAP.,Account
"Hi, I'm getting an error code the tool when I try to run the software. Can someone check?",Technical
Issue: I want to cancel my the tool plan. Thanks.,Billing
"Hello, Router is not responding after the tool restart.",Network
Is there a manual available for the system?,General
URGENT: My invoice for Windows is incorrect.,Billing
"Hello, My my portal is crashing every time I open it. Thanks.",Technical
URGENT: I keep getting a blue screen when I use the app.,Technical
Issue: The Wi-Fi drops frequently when I'm using the system. ASAP.,Network
"Hi, Can I get a discount on my Mac renewal? Can someone check?",Billing
"Hi, The pricing for the system on my bill doesn't match the website.",Billing
I need help installing my workspace on my computer. Please resolve.,Technical
"Hi, Can I get a discount on my the platform renewal? ASAP.",Billing
"Hello, My account is locked out after trying to access Windows. Can someone check?",Account
My IP address seems to be blocked by the latest version. Please resolve.,Network
"Hi, Someone hacked my the platform account. Please resolve.",Account
URGENT: How do I change my email address for my the tool profile? Can someone check?,Account
"Hi, Can't install the latest patch for this product. Thanks.",Technical
"Please help, Do you offer support in my desktop language? Thanks.",General
Issue: Thank you for helping with my the app issue earlier. Thanks.,General
Issue: I haven't received a refund for the platform yet. Can someone check?,Billing
"Please help, The application freezes during my server. Thanks.",Technical
"Please help, What are your business hours for the service support?",General
"Please help, I'm getting high ping when connected to my server. Can someone check?",Network
Issue: Is there a manual available for the system? ASAP.,General
"Please help, I need help installing the platform on my computer.",Technical
Issue: My account is locked out after trying to access Mac. Thanks.,Account
Issue: Thank you for helping with my Mac issue earlier. Please resolve.,General
"Hi, How do I contact the the app team? Thanks.",General
What are your business hours for the dashboard support? ASAP.,General
"Please help, I need to add a new user to my the service account. Can someone check?",Account
"Hello, I'm getting an error code the latest version when I try to run the software.",Technical
"Hi, Router is not responding after my portal restart. Can someone check?",Network
I need a receipt for my the system purchase. Thanks.,Billing
"Please help, I was charged twice for my the dashboard subscription. Thanks.",Billing
Issue: I haven't received a refund for the dashboard yet. ASAP.,Billing
URGENT: The Wi-Fi drops frequently when I'm using the dashboard. Can someone check?,Network
"Hello, Thank you for helping with my the app issue earlier. ASAP.",General
"Hi, I need to add a new user to my my desktop account.",Account
"Hello, Someone hacked my my desktop account.",Account
The application freezes during Windows. Thanks.,Technical
How do I configure the firewall for my desktop? Can someone check?,Network
"Please help, I keep getting a blue screen when I use my desktop.",Technical
"Hello, The system is running very slow when my portal is open. Can someone check?",Technical
URGENT: The software won't start after the latest my desktop update. Thanks.,Technical
Issue: I have a very slow connection speed on my workspace network. Please resolve.,Network
"Hi, I need a receipt for my the tool purchase. Can someone check?",Billing
Issue: The pricing for my workspace on my bill doesn't match the website. Can someone check?,Billing
"Please help, I need help installing the system on my computer. Thanks.",Technical
"Hello, I have a question about your this product policy. Thanks.",General
Issue: Do you offer support in the system language?,General
"Hello, I have a very slow connection speed on the service network. Can someone check?",Network
"Hello, I haven't received a refund for Mac yet. ASAP.",Billing
"Hi, I'm getting an error code Mac when I try to run the software. ASAP.",Technical
"Please help, I need a receipt for my Mac purchase. Can someone check?",Billing
Issue: Can you merge my two accounts for my server?,Account
"Hello, I haven't received a refund for Mac yet. ASAP.",Billing
Issue: The application freezes during the dashboard.,Technical
URGENT: How do I change my email address for my my phone profile? ASAP.,Account
"Hello, My internet is not working even though my Mac is connected. Can someone check?",Network
"Hello, What are your business hours for this product support? Can someone check?",General
URGENT: Where is your my workspace office located? Can someone check?,General
URGENT: I haven't received a refund for the service yet. ASAP.,Billing
Issue: I want to update my security questions for the latest version.,Account
Issue: There is a bug in the the app feature. Thanks.,Technical
"Please help, The application freezes during Mac. Can someone check?",Technical
"Hi, I need to delete my the app account permanently. Can someone check?",Account
"Hi, My profile information for my phone is not updating. ASAP.",Account
"Please help, My invoice for the latest version is incorrect. Can someone check?",Billing
URGENT: I want to cancel my my desktop plan. ASAP.,Billing
Issue: Why is there an extra fee on my my desktop bill? ASAP.,Billing
"Hello, I can't connect to the VPN for the platform.",Network
URGENT: How do I change my email address for my my server profile? Please resolve.,Account
My the latest version is crashing every time I open it.,Technical
I can't connect to the VPN for Windows. Can someone check?,Network
Router is not responding after Windows restart. Can someone check?,Network
Issue: I can't connect to the VPN for Mac. Can someone check?,Network
"Hi, The the platform server is timing out. Can someone check?",Network
"Hello, How do I change my email address for my the tool profile? Please resolve.",Account
URGENT: My the platform is crashing every time I open it. Can someone check?,Technical
"Hi, I have a question about your my desktop policy. Thanks.",General
URGENT: Is there a manual available for the tool? Can someone check?,General
The application freezes during the system. Please resolve.,Technical
"Please help, Why is there an extra fee on my my server bill? Thanks.",Billing
"Hi, I need to add a new user to my the latest version account. Thanks.",Account
URGENT: I'm getting high ping when connected to my phone.,Network
"Hello, My profile information for the app is not updating. Please resolve.",Account
URGENT: Can you merge my two accounts for my phone?,Account
"Hello, The application freezes during my phone. ASAP.",Technical
Issue: How do I update the my phone drivers?,Technical
"Please help, Can you send me more information about the service? ASAP.",General
"Hello, How do I change my email address for my my portal profile? Thanks.",Account
URGENT: My IP address seems to be blocked by the app.,Network
"Please help, The application freezes during the latest version. Thanks.",Technical
"Hi, Can I get a discount on my Mac renewal? ASAP.",Billing
"Hi, The system is running very slow when the service is open. Can someone check?",Technical
Issue: Can't install the latest patch for the system.,Technical
"Hi, I forgot my password and cannot login to my my portal account.",Account
URGENT: The Wi-Fi drops frequently when I'm using this product. ASAP.,Network
I'm just leaving some feedback about the dashboard. ASAP.,General
Issue: How do I update my payment method for this product? Thanks.,Billing
I was charged twice for my Mac subscription. Can someone check?,Billing
"Please help, The Wi-Fi drops frequently when I'm using this product.",Network
Issue: I want to cancel my this product plan. Can someone check?,Billing
URGENT: How do I update the my phone drivers?,Technical
"Hello, When will the new my portal feature be released? Please resolve.",General
My IP address seems to be blocked by Windows. Thanks.,Network
URGENT: I haven't received a refund for the latest version yet.,Billing
My Windows is crashing every time I open it. Thanks.,Technical
Issue: Thank you for helping with my the platform issue earlier. Can someone check?,General
"Please help, How do I contact the the system team? Thanks.",General
URGENT: The software won't start after the latest the service update. Can someone check?,Technical
Issue: Thank you for helping with my the app issue earlier. Thanks.,General
"Hi, Why is there an extra fee on my this product bill? Can someone check?",Billing
"Hello, Someone hacked my my portal account. Thanks.",Account
URGENT: I need to add a new user to my the service account. Please resolve.,Account
"Hello, My internet is not working even though my this product is connected. ASAP.",Network
"Hi, Why is there an extra fee on my Mac bill? Please resolve.",Billing
"Please help, My IP address seems to be blocked by my phone.",Network
URGENT: I need help installing Windows on my computer.,Technical
"Hi, My credit card was declined for my server. ASAP.",Billing
I'm getting an error code the platform when I try to run the software. ASAP.,Technical
Someone hacked my Windows account. Please resolve.,Account
"Hi, What are your business hours for the platform support? Thanks.",General
"Hello, Can I get a discount on my the latest version renewal? ASAP.",Billing
"Hi, The application freezes during this product. ASAP.",Technical
Issue: I'm getting high ping when connected to this product. Can someone check?,Network
URGENT: Can't install the latest patch for my portal. Thanks.,Technical
Issue: Why is there an extra fee on my my portal bill? Please resolve.,Billing
Issue: My account is locked out after trying to access this product. Can someone check?,Account
Issue: Someone hacked my the platform account. Can someone check?,Account
"Please help, I can't connect to the VPN for the latest version. Can someone check?",Network
I forgot my password and cannot login to my the app account. Can someone check?,Account
"Please help, Router is not responding after my workspace restart. Can someone check?",Network
"Hello, My profile information for the service is not updating.",Account
I need to add a new user to my this product account. Can someone check?,Account
"Hello, Where is your the platform office located? Please resolve.",General
URGENT: I need to delete my Windows account permanently. Can someone check?,Account
URGENT: My invoice for the platform is incorrect. Can someone check?,Billing
Issue: Why is there an extra fee on my my desktop bill?,Billing
"Please help, How do I update the Windows drivers? Can someone check?",Technical
"Hello, Is there a manual available for the app? Can someone check?",General
"Hi, There is a bug in the Mac feature.",Technical
Issue: The software won't start after the latest the service update. ASAP.,Technical
"Hi, How do I configure the firewall for the platform? Please resolve.",Network
I need a receipt for my my desktop purchase. Can someone check?,Billing
"Hello, Do you offer support in my desktop language? Can someone check?",General
Issue: Thank you for helping with my the service issue earlier. Thanks.,General
"Hi, I'm just leaving some feedback about the tool. Thanks.",General
"Hi, My invoice for the platform is incorrect. Thanks.",Billing
URGENT: When will the new my desktop feature be released? Thanks.,General
URGENT: How do I contact the the tool team? Can someone check?,General
Router is not responding after the dashboard restart. Can someone check?,Network
"Hi, I'm getting high ping when connected to the app. ASAP.",Network
"Hi, The the latest version server is timing out.",Network
"Hi, No internet access on my the dashboard device. Please resolve.",Network
"Hello, The system is running very slow when the app is open.",Technical
"Hello, My Windows is crashing every time I open it.",Technical
The Wi-Fi drops frequently when I'm using Mac. Thanks.,Network
Issue: What are your business hours for my phone support? Can someone check?,General
"Hi, The Wi-Fi drops frequently when I'm using Mac. Can someone check?",Network
"Hi, Where is your my desktop office located? Can someone check?",General
URGENT: I want to cancel my my portal plan.,Billing
"Hi, How do I contact the Mac team? Thanks.",General
Issue: Where is your the service office located? ASAP.,General
"Hello, I want to cancel my the tool plan. Thanks.",Billing
What are your business hours for the latest version support? Please resolve.,General
Issue: My profile information for the latest version is not updating. ASAP.,Account
URGENT: No internet access on my my desktop device. Thanks.,Network
URGENT: I want to cancel my the service plan. ASAP.,Billing
"Hello, How do I update my payment method for this product? Please resolve.",Billing
"Please help, I keep getting a blue screen when I use my workspace. Can someone check?",Technical
"Hello, I have a question about your Mac policy. Thanks.",General
"Please help, Can you merge my two accounts for my desktop? Please resolve.",Account
"Please help, I want to cancel my the latest version plan.",Billing
URGENT: I want to update my security questions for Windows. Can someone check?,Account
URGENT: The software won't start after the latest Windows update.,Technical
"Hi, I'm getting an error code the tool when I try to run the software. Can someone check?",Technical
The pricing for the tool on my bill doesn't match the website. Thanks.,Billing
URGENT: I forgot my password and cannot login to my the platform account.,Account
URGENT: I forgot my password and cannot login to my Mac account. Thanks.,Account
URGENT: I forgot my password and cannot login to my the dashboard account.,Account
I haven't received a refund for the dashboard yet.,Billing
Thank you for helping with my the system issue earlier.,General
"Hi, Can you send me more information about the app? Please resolve.",General
URGENT: Can I get a discount on my my desktop renewal?,Billing
Why is there an extra fee on my my server bill?,Billing
"Please help, When will the new the dashboard feature be released? Thanks.",General
"Hello, My internet is not working even though my my server is connected.",Network
URGENT: How do I update the my workspace drivers? ASAP.,Technical
Issue: I have a question about your the system policy. ASAP.,General
Issue: I have a very slow connection speed on the app network. Please resolve.,Network
"Please help, I need to delete my the app account permanently.",Account
URGENT: I need help installing my workspace on my computer.,Technical
"Hi, The system is running very slow when the service is open. Can someone check?",Technical
"Hello, I have a very slow connection speed on the latest version network. ASAP.",Network
URGENT: I want to update my security questions for my server. Thanks.,Account
"Hello, My account is locked out after trying to access the platform.",Account
"Hello, Router is not responding after my workspace restart. ASAP.",Network
"Please help, My IP address seems to be blocked by the dashboard. Please resolve.",Network
"Please help, I need help installing my desktop on my computer. ASAP.",Technical
Issue: The Wi-Fi drops frequently when I'm using the system. Can someone check?,Network
"Hi, My account is locked out after trying to access the app.",Account
I need to add a new user to my the dashboard account. Thanks.,Account
"Please help, I'm getting high ping when connected to my phone.",Network
